index,category_name,question,answer
1,uppercase,b,B
2,uppercase,a,A
3,uppercase,d,D
4,uppercase,e,E
5,uppercase,f,F
6,uppercase,g,G
7,uppercase,h,H
8,uppercase,i,I
9,uppercase,j,J
10,uppercase,c,C
11,uppercase,k,K
12,uppercase,l,L
13,uppercase,m,M
14,uppercase,n,N
15,uppercase,o,O
16,uppercase,p,P
17,uppercase,q,Q
18,uppercase,r,R
19,uppercase,s,S
20,uppercase,t,T
21,uppercase,u,U
22,uppercase,v,V
23,uppercase,w,W
24,uppercase,x,X
25,uppercase,y,Y
26,uppercase,z,Z
27,lowercase,B,b
28,lowercase,A,a
29,lowercase,D,d
30,lowercase,E,e
31,lowercase,F,f
32,lowercase,G,g
33,lowercase,H,h
34,lowercase,I,i
35,lowercase,J,j
36,lowercase,C,c
37,lowercase,K,k
38,lowercase,L,l
39,lowercase,M,m
40,lowercase,N,n
41,lowercase,O,o
42,lowercase,P,p
43,lowercase,Q,q
44,lowercase,R,r
45,lowercase,S,s
46,lowercase,T,t
47,lowercase,U,u
48,lowercase,V,v
49,lowercase,W,w
50,lowercase,X,x
51,lowercase,Y,y
52,lowercase,Z,z
53,first_letter,the cat went up the tree,t
54,first_letter,elephants are cool,e
55,first_letter,beautiful morning sunshine,b
56,first_letter,running through the forest,r
57,first_letter,amazing journey ahead,a
58,first_letter,quickly jumping over fences,q
59,first_letter,wonderful day for walking,w
60,first_letter,sitting by the ocean,s
61,first_letter,laughing with friends,l
62,first_letter,dancing in the moonlight,d
63,first_letter,purple flowers blooming everywhere,p
64,first_letter,velvet curtains hanging gracefully,v
65,first_letter,mountain peaks touching clouds,m
66,first_letter,children playing in park,c
67,first_letter,orange sunset over hills,o
68,first_letter,friendly neighborhood gathering together,f
69,first_letter,gentle breeze flowing softly,g
70,first_letter,kind words spoken warmly,k
71,first_letter,joyful celebration with everyone,j
72,first_letter,happy memories being made,h
73,first_letter,incredible adventure awaits you,i
74,first_letter,zebras running across plains,z
75,first_letter,young birds learning flight,y
76,first_letter,new opportunities emerging daily,n
77,first_letter,umbrella protecting from rain,u
78,first_letter,treasures hidden beneath sand,t
79,first_letter,excited children opening presents,e
80,first_letter,quiet moments of reflection,q
81,first_letter,brave heroes saving day,b
82,first_letter,simple pleasures of life,s
83,first_letter,ancient trees standing tall,a
84,first_letter,rivers flowing to sea,r
85,first_letter,delicious food on table,d
86,first_letter,warm sunshine on face,w
87,first_letter,loving family together always,l
88,first_letter,peaceful garden with flowers,p
89,first_letter,magnificent view from mountain,m
90,first_letter,creative ideas flowing freely,c
91,first_letter,vibrant colors everywhere around,v
92,first_letter,old stories being retold,o
93,first_letter,graceful dancers on stage,g
94,first_letter,fearless explorers finding treasure,f
95,first_letter,interesting books on shelf,i
96,first_letter,knowledge gained through reading,k
97,first_letter,huge waves crashing ashore,h
98,first_letter,xerox machine making copies,x
99,first_letter,zealous students studying hard,z
100,first_letter,natural beauty surrounds us,n
101,first_letter,unique experiences shape us,u
102,first_letter,joyous occasions bring happiness,j
103,first_letter,traveling to distant lands,t
104,first_letter,eating fresh strawberries daily,e
105,first_letter,building sandcastles at beach,b
106,first_letter,reading novels by fireplace,r
107,first_letter,admiring beautiful sunset views,a
108,first_letter,questioning everything around us,q
109,first_letter,writing stories late night,w
110,first_letter,studying mathematics very carefully,s
111,first_letter,learning new languages quickly,l
112,first_letter,drawing pictures with crayons,d
113,first_letter,playing guitar on weekends,p
114,first_letter,visiting museums and galleries,v
115,first_letter,making friends wherever going,m
116,first_letter,collecting stamps from countries,c
117,first_letter,organizing special birthday parties,o
118,first_letter,finding treasures in attic,f
119,first_letter,growing vegetables in garden,g
120,first_letter,keeping diaries of adventures,k
121,first_letter,jumping rope with children,j
122,first_letter,helping neighbors with tasks,h
123,first_letter,inventing clever new solutions,i
124,first_letter,xeroxing important documents carefully,x
125,first_letter,zipping through busy streets,z
126,first_letter,negotiating deals with partners,n
127,first_letter,understanding complex mathematical concepts,u
128,first_letter,joining clubs at university,j
129,first_letter,yelling across the field,y
130,first_letter,teaching children important lessons,t
131,first_letter,exploring deep ocean depths,e
132,first_letter,questioning authority respectfully always,q
133,first_letter,brilliant minds thinking alike,b
134,first_letter,racing against time limits,r
135,first_letter,achieving goals through effort,a
136,first_letter,dreaming big every day,d
137,first_letter,winning competitions with skill,w
138,first_letter,singing songs from heart,s
139,first_letter,loving nature and wildlife,l
140,first_letter,performing magic tricks successfully,p
141,first_letter,caring for elderly neighbors,c
142,first_letter,volunteering at local shelter,v
143,first_letter,mysterious shadows moving slowly,m
144,first_letter,powerful engine roaring loudly,p
145,first_letter,colorful butterflies flying gracefully,c
146,first_letter,golden sunrise breaking dawn,g
147,first_letter,frozen lake covered completely,f
148,first_letter,towering mountains reaching skyward,t
149,first_letter,sparkling diamonds shining bright,s
150,first_letter,peaceful meadow stretching endlessly,p
151,first_letter,rushing river flowing fast,r
152,first_letter,brilliant stars twinkling above,b
153,first_letter,gentle rain falling softly,g
154,first_letter,heavy snow blanketing ground,h
155,first_letter,warm breeze blowing gently,w
156,first_letter,loud thunder rumbling overhead,l
157,first_letter,bright lightning striking suddenly,b
158,first_letter,thick fog rolling inland,t
159,first_letter,clear sky stretching forever,c
160,first_letter,dark clouds gathering quickly,d
161,first_letter,white sand sparkling beautifully,w
162,first_letter,deep ocean hiding secrets,d
163,first_letter,tall grass swaying rhythmically,t
164,first_letter,wild horses running free,w
165,first_letter,small birds chirping happily,s
166,first_letter,big bears catching fish,b
167,first_letter,clever foxes hunting prey,c
168,first_letter,wise owls watching silently,w
169,first_letter,playful dolphins jumping high,p
170,first_letter,majestic eagles soaring overhead,m
171,first_letter,colorful parrots talking loudly,c
172,first_letter,tiny insects buzzing around,t
173,first_letter,slithering snakes moving quietly,s
174,first_letter,hopping rabbits eating carrots,h
175,first_letter,swimming turtles moving slowly,s
176,first_letter,climbing monkeys swinging branches,c
177,first_letter,roaring lions hunting tonight,r
178,first_letter,striped zebras grazing peacefully,s
179,first_letter,spotted leopards stalking silently,s
180,first_letter,giant elephants walking majestically,g
181,first_letter,graceful deer leaping bounds,g
182,first_letter,mighty whales swimming deep,m
183,first_letter,flying bats hunting insects,f
184,first_letter,crawling ants working together,c
185,first_letter,buzzing bees making honey,b
186,first_letter,spinning spiders weaving webs,s
187,first_letter,jumping frogs catching flies,j
188,first_letter,sliding penguins on ice,s
189,first_letter,waddling ducks crossing road,w
190,first_letter,pecking chickens finding food,p
191,first_letter,crowing roosters greeting morning,c
192,first_letter,bleating sheep in field,b
193,first_letter,mooing cows giving milk,m
194,first_letter,neighing horses pulling carts,n
195,first_letter,barking dogs guarding homes,b
196,first_letter,meowing cats chasing mice,m
197,first_letter,purring kittens sleeping soundly,p
198,first_letter,squeaking hamsters running wheels,s
199,first_letter,chirping crickets at night,c
200,first_letter,croaking frogs by pond,c
201,first_letter,howling wolves under moon,h
202,first_letter,screeching monkeys in jungle,s
203,first_letter,trumpeting elephants warning herd,t
204,first_letter,hissing snakes defending territory,h
205,first_letter,growling bears protecting cubs,g
206,first_letter,squealing pigs eating food,s
207,first_letter,gobbling turkeys strutting proudly,g
208,first_letter,quacking ducks swimming pond,q
209,first_letter,honking geese flying south,h
210,first_letter,cooing pigeons on rooftop,c
211,first_letter,singing canaries in cage,s
212,first_letter,talking parrots repeating words,t
213,first_letter,flapping wings taking flight,f
214,first_letter,nesting birds building homes,n
215,first_letter,hatching eggs revealing chicks,h
216,first_letter,feeding babies opening mouths,f
217,first_letter,hunting predators stalking carefully,h
218,first_letter,escaping prey running frantically,e
219,first_letter,hiding animals staying still,h
220,first_letter,sleeping creatures resting peacefully,s
221,first_letter,waking animals greeting day,w
222,first_letter,stretching muscles after sleep,s
223,first_letter,yawning mouths showing tired,y
224,first_letter,blinking eyes adjusting light,b
225,first_letter,breathing air filling lungs,b
226,first_letter,beating hearts pumping blood,b
227,first_letter,thinking minds solving problems,t
228,first_letter,feeling emotions deeply inside,f
229,first_letter,remembering moments from past,r
230,first_letter,forgetting details over time,f
231,first_letter,learning lessons through experience,l
232,first_letter,teaching others valuable skills,t
233,first_letter,sharing knowledge with everyone,s
234,first_letter,discovering truths about life,d
235,first_letter,questioning assumptions we hold,q
236,first_letter,believing strongly in values,b
237,first_letter,doubting everything we know,d
238,first_letter,hoping for better tomorrow,h
239,first_letter,wishing upon shooting stars,w
240,first_letter,dreaming vividly at night,d
241,first_letter,imagining possibilities ahead,i
242,first_letter,creating art from nothing,c
243,translate_eng_fr,hello,bonjour
244,translate_eng_fr,goodbye,au revoir
245,translate_eng_fr,thank you,merci
246,translate_eng_fr,please,s'il vous plaît
247,translate_eng_fr,yes,oui
248,translate_eng_fr,no,non
249,translate_eng_fr,water,eau
250,translate_eng_fr,house,maison
251,translate_eng_fr,cat,chat
252,translate_eng_fr,dog,chien
253,translate_eng_fr,good morning,bonjour
254,translate_eng_fr,good evening,bonsoir
255,translate_eng_fr,good night,bonne nuit
256,translate_eng_fr,how are you,comment allez-vous
257,translate_eng_fr,I love you,je t'aime
258,translate_eng_fr,friend,ami
259,translate_eng_fr,family,famille
260,translate_eng_fr,food,nourriture
261,translate_eng_fr,book,livre
262,translate_eng_fr,car,voiture
263,translate_eng_fr,tree,arbre
264,translate_eng_fr,flower,fleur
265,translate_eng_fr,sun,soleil
266,translate_eng_fr,moon,lune
267,translate_eng_fr,star,étoile
268,translate_eng_fr,bread,pain
269,translate_eng_fr,cheese,fromage
270,translate_eng_fr,wine,vin
271,translate_eng_fr,coffee,café
272,translate_eng_fr,tea,thé
273,translate_eng_fr,milk,lait
274,translate_eng_fr,sugar,sucre
275,translate_eng_fr,salt,sel
276,translate_eng_fr,pepper,poivre
277,translate_eng_fr,table,table
278,translate_eng_fr,chair,chaise
279,translate_eng_fr,door,porte
280,translate_eng_fr,window,fenêtre
281,translate_eng_fr,street,rue
282,translate_eng_fr,city,ville
283,translate_eng_fr,country,pays
284,translate_eng_fr,world,monde
285,translate_eng_fr,time,temps
286,translate_eng_fr,day,jour
287,translate_eng_fr,night,nuit
288,translate_eng_fr,week,semaine
289,translate_eng_fr,month,mois
290,translate_eng_fr,year,an
291,translate_eng_fr,today,aujourd'hui
292,translate_eng_fr,tomorrow,demain
293,translate_eng_fr,yesterday,hier
294,translate_eng_fr,school,école
295,translate_eng_fr,student,étudiant
296,translate_eng_fr,teacher,professeur
297,translate_eng_fr,horse,cheval
298,translate_eng_fr,letter,lettre
299,translate_eng_fr,word,mot
300,translate_eng_fr,sentence,phrase
301,translate_eng_fr,page,page
302,translate_eng_fr,music,musique
303,translate_eng_fr,song,chanson
304,translate_eng_fr,game,jeu
305,translate_eng_fr,sport,sport
306,translate_eng_fr,ball,balle
307,translate_eng_fr,hand,main
308,translate_eng_fr,head,tête
309,translate_eng_fr,eye,œil
310,translate_eng_fr,ear,oreille
311,translate_eng_fr,nose,nez
312,translate_eng_fr,mouth,bouche
313,translate_eng_fr,heart,cœur
314,translate_eng_fr,brain,cerveau
315,translate_eng_fr,body,corps
316,translate_eng_fr,red,rouge
317,translate_eng_fr,blue,bleu
318,translate_eng_fr,green,vert
319,translate_eng_fr,yellow,jaune
320,translate_eng_fr,black,noir
321,translate_eng_fr,white,blanc
322,translate_eng_fr,purple,violet
323,translate_eng_fr,pink,rose
324,translate_eng_fr,gray,gris
325,translate_eng_fr,brown,marron
326,translate_eng_fr,big,grand
327,translate_eng_fr,small,petit
328,translate_eng_fr,hot,chaud
329,translate_eng_fr,cold,froid
330,translate_eng_fr,new,nouveau
331,translate_eng_fr,old,vieux
332,translate_eng_fr,good,bon
333,translate_eng_fr,bad,mauvais
334,translate_eng_fr,happy,heureux
335,translate_eng_fr,sad,triste
336,translate_eng_fr,fast,rapide
337,translate_eng_fr,slow,lent
338,translate_eng_fr,strong,fort
339,translate_eng_fr,weak,faible
340,translate_eng_fr,beautiful,beau
341,translate_eng_fr,ugly,laid
342,translate_eng_fr,young,jeune
343,translate_eng_fr,rich,riche
344,translate_eng_fr,poor,pauvre
345,translate_eng_fr,clean,propre
346,translate_eng_fr,dirty,sale
347,translate_eng_fr,easy,facile
348,translate_eng_fr,difficult,difficile
349,translate_eng_fr,long,long
350,translate_eng_fr,short,court
351,translate_eng_fr,high,haut
352,translate_eng_fr,low,bas
353,translate_eng_fr,wide,large
354,translate_eng_fr,narrow,étroit
355,translate_eng_fr,heavy,lourd
356,translate_eng_fr,light,léger
357,translate_eng_fr,full,plein
358,translate_eng_fr,empty,vide
359,translate_eng_fr,right,droit
360,translate_eng_fr,left,gauche
361,translate_eng_fr,up,haut
362,translate_eng_fr,down,bas
363,translate_eng_fr,inside,dedans
364,translate_eng_fr,outside,dehors
365,translate_eng_fr,front,devant
366,translate_eng_fr,back,derrière
367,translate_eng_fr,near,près
368,translate_eng_fr,far,loin
369,translate_eng_fr,first,premier
370,translate_eng_fr,last,dernier
371,translate_eng_fr,open,ouvert
372,translate_eng_fr,closed,fermé
373,translate_eng_fr,one,un
374,translate_eng_fr,two,deux
375,translate_eng_fr,three,trois
376,translate_eng_fr,four,quatre
377,translate_eng_fr,five,cinq
378,translate_eng_fr,six,six
379,translate_eng_fr,seven,sept
380,translate_eng_fr,eight,huit
381,translate_eng_fr,nine,neuf
382,translate_eng_fr,ten,dix
383,translate_eng_fr,hundred,cent
384,translate_eng_fr,thousand,mille
385,translate_eng_fr,brother,frère
386,translate_eng_fr,sister,sœur
387,translate_eng_fr,father,père
388,translate_eng_fr,mother,mère
389,translate_eng_fr,son,fils
390,translate_eng_fr,daughter,fille
391,translate_eng_fr,husband,mari
392,translate_eng_fr,wife,femme
393,translate_eng_fr,grandfather,grand-père
394,translate_eng_fr,grandmother,grand-mère
395,translate_eng_fr,uncle,oncle
396,translate_eng_fr,aunt,tante
397,translate_eng_fr,cousin,cousin
398,translate_eng_fr,king,roi
399,translate_eng_fr,queen,reine
400,translate_eng_fr,prince,prince
401,translate_eng_fr,princess,princesse
402,translate_eng_fr,man,homme
403,translate_eng_fr,woman,femme
404,translate_eng_fr,boy,garçon
405,translate_eng_fr,girl,fille
406,translate_eng_fr,baby,bébé
407,translate_eng_fr,doctor,médecin
408,translate_eng_fr,nurse,infirmière
409,translate_eng_fr,lawyer,avocat
410,translate_eng_fr,police,police
411,translate_eng_fr,soldier,soldat
412,translate_eng_fr,farmer,fermier
413,translate_eng_fr,worker,ouvrier
414,translate_eng_fr,artist,artiste
415,translate_eng_fr,musician,musicien
416,translate_fr_eng,bonjour,hello
417,translate_fr_eng,au revoir,goodbye
418,translate_fr_eng,merci,thank you
419,translate_fr_eng,s'il vous plaît,please
420,translate_fr_eng,oui,yes
421,translate_fr_eng,non,no
422,translate_fr_eng,eau,water
423,translate_fr_eng,maison,house
424,translate_fr_eng,chat,cat
425,translate_fr_eng,chien,dog
426,translate_fr_eng,bonsoir,good evening
427,translate_fr_eng,bonne nuit,good night
428,translate_fr_eng,comment allez-vous,how are you
429,translate_fr_eng,je t'aime,I love you
430,translate_fr_eng,ami,friend
431,translate_fr_eng,famille,family
432,translate_fr_eng,nourriture,food
433,translate_fr_eng,livre,book
434,translate_fr_eng,voiture,car
435,translate_fr_eng,arbre,tree
436,translate_fr_eng,fleur,flower
437,translate_fr_eng,soleil,sun
438,translate_fr_eng,lune,moon
439,translate_fr_eng,étoile,star
440,translate_fr_eng,pain,bread
441,translate_fr_eng,fromage,cheese
442,translate_fr_eng,vin,wine
443,translate_fr_eng,café,coffee
444,translate_fr_eng,thé,tea
445,translate_fr_eng,lait,milk
446,translate_fr_eng,sucre,sugar
447,translate_fr_eng,sel,salt
448,translate_fr_eng,poivre,pepper
449,translate_fr_eng,chaise,chair
450,translate_fr_eng,porte,door
451,translate_fr_eng,fenêtre,window
452,translate_fr_eng,rue,street
453,translate_fr_eng,ville,city
454,translate_fr_eng,pays,country
455,translate_fr_eng,monde,world
456,translate_fr_eng,temps,time
457,translate_fr_eng,jour,day
458,translate_fr_eng,nuit,night
459,translate_fr_eng,semaine,week
460,translate_fr_eng,mois,month
461,translate_fr_eng,an,year
462,translate_fr_eng,aujourd'hui,today
463,translate_fr_eng,demain,tomorrow
464,translate_fr_eng,hier,yesterday
465,translate_fr_eng,enfant,child
466,translate_fr_eng,école,school
467,translate_fr_eng,étudiant,student
468,translate_fr_eng,professeur,teacher
469,translate_fr_eng,pomme,apple
470,translate_fr_eng,poisson,fish
471,translate_fr_eng,oiseau,bird
472,translate_fr_eng,cheval,horse
473,translate_fr_eng,lettre,letter
474,translate_fr_eng,mot,word
475,translate_fr_eng,phrase,sentence
476,translate_fr_eng,musique,music
477,translate_fr_eng,chanson,song
478,translate_fr_eng,danse,dance
479,translate_fr_eng,jeu,game
480,translate_fr_eng,balle,ball
481,translate_fr_eng,main,hand
482,translate_fr_eng,pied,foot
483,translate_fr_eng,tête,head
484,translate_fr_eng,œil,eye
485,translate_fr_eng,oreille,ear
486,translate_fr_eng,nez,nose
487,translate_fr_eng,bouche,mouth
488,translate_fr_eng,cœur,heart
489,translate_fr_eng,cerveau,brain
490,translate_fr_eng,corps,body
491,translate_fr_eng,rouge,red
492,translate_fr_eng,bleu,blue
493,translate_fr_eng,vert,green
494,translate_fr_eng,jaune,yellow
495,translate_fr_eng,noir,black
496,translate_fr_eng,blanc,white
497,translate_fr_eng,violet,purple
498,translate_fr_eng,rose,pink
499,translate_fr_eng,gris,gray
500,translate_fr_eng,marron,brown
501,translate_fr_eng,grand,big
502,translate_fr_eng,petit,small
503,translate_fr_eng,chaud,hot
504,translate_fr_eng,froid,cold
505,translate_fr_eng,nouveau,new
506,translate_fr_eng,vieux,old
507,translate_fr_eng,bon,good
508,translate_fr_eng,mauvais,bad
509,translate_fr_eng,heureux,happy
510,translate_fr_eng,triste,sad
511,translate_fr_eng,rapide,fast
512,translate_fr_eng,lent,slow
513,translate_fr_eng,fort,strong
514,translate_fr_eng,faible,weak
515,translate_fr_eng,beau,beautiful
516,translate_fr_eng,laid,ugly
517,translate_fr_eng,jeune,young
518,translate_fr_eng,riche,rich
519,translate_fr_eng,pauvre,poor
520,translate_fr_eng,propre,clean
521,translate_fr_eng,sale,dirty
522,translate_fr_eng,facile,easy
523,translate_fr_eng,difficile,difficult
524,translate_fr_eng,long,long
525,translate_fr_eng,court,short
526,translate_fr_eng,haut,high
527,translate_fr_eng,bas,low
528,translate_fr_eng,large,wide
529,translate_fr_eng,étroit,narrow
530,translate_fr_eng,lourd,heavy
531,translate_fr_eng,léger,light
532,translate_fr_eng,plein,full
533,translate_fr_eng,vide,empty
534,translate_fr_eng,droit,right
535,translate_fr_eng,gauche,left
536,translate_fr_eng,haut,up
537,translate_fr_eng,bas,down
538,translate_fr_eng,dedans,inside
539,translate_fr_eng,dehors,outside
540,translate_fr_eng,devant,front
541,translate_fr_eng,derrière,back
542,translate_fr_eng,près,near
543,translate_fr_eng,loin,far
544,translate_fr_eng,premier,first
545,translate_fr_eng,dernier,last
546,translate_fr_eng,ouvert,open
547,translate_fr_eng,fermé,closed
548,translate_fr_eng,un,one
549,translate_fr_eng,deux,two
550,translate_fr_eng,trois,three
551,translate_fr_eng,quatre,four
552,translate_fr_eng,cinq,five
553,translate_fr_eng,six,six
554,translate_fr_eng,sept,seven
555,translate_fr_eng,huit,eight
556,translate_fr_eng,neuf,nine
557,translate_fr_eng,dix,ten
558,translate_fr_eng,cent,hundred
559,translate_fr_eng,mille,thousand
560,translate_fr_eng,frère,brother
561,translate_fr_eng,sœur,sister
562,translate_fr_eng,père,father
563,translate_fr_eng,mère,mother
564,translate_fr_eng,fils,son
565,translate_fr_eng,fille,daughter
566,translate_fr_eng,mari,husband
567,translate_fr_eng,femme,wife
568,translate_fr_eng,grand-père,grandfather
569,translate_fr_eng,grand-mère,grandmother
570,translate_fr_eng,oncle,uncle
571,translate_fr_eng,tante,aunt
572,translate_fr_eng,cousin,cousin
573,translate_fr_eng,roi,king
574,translate_fr_eng,reine,queen
575,translate_fr_eng,prince,prince
576,translate_fr_eng,princesse,princess
577,translate_fr_eng,homme,man
578,translate_fr_eng,femme,woman
579,translate_fr_eng,garçon,boy
580,translate_fr_eng,fille,girl
581,translate_fr_eng,bébé,baby
582,translate_fr_eng,médecin,doctor
583,translate_fr_eng,infirmière,nurse
584,translate_fr_eng,avocat,lawyer
585,translate_fr_eng,police,police
586,translate_fr_eng,soldat,soldier
587,translate_fr_eng,fermier,farmer
588,translate_fr_eng,ouvrier,worker
589,translate_fr_eng,artiste,artist
590,translate_fr_eng,musicien,musician
591,translate_sp_eng,hola,hello
592,translate_sp_eng,adiós,goodbye
593,translate_sp_eng,gracias,thank you
594,translate_sp_eng,por favor,please
595,translate_sp_eng,sí,yes
596,translate_sp_eng,agua,water
597,translate_sp_eng,casa,house
598,translate_sp_eng,gato,cat
599,translate_sp_eng,perro,dog
600,translate_sp_eng,buenos días,good morning
601,translate_sp_eng,buenas tardes,good evening
602,translate_sp_eng,buenas noches,good night
603,translate_sp_eng,cómo estás,how are you
604,translate_sp_eng,te quiero,I love you
605,translate_sp_eng,amigo,friend
606,translate_sp_eng,familia,family
607,translate_sp_eng,comida,food
608,translate_sp_eng,libro,book
609,translate_sp_eng,coche,car
610,translate_sp_eng,árbol,tree
611,translate_sp_eng,flor,flower
612,translate_sp_eng,sol,sun
613,translate_sp_eng,luna,moon
614,translate_sp_eng,estrella,star
615,translate_sp_eng,pan,bread
616,translate_sp_eng,queso,cheese
617,translate_sp_eng,vino,wine
618,translate_sp_eng,té,tea
619,translate_sp_eng,leche,milk
620,translate_sp_eng,azúcar,sugar
621,translate_sp_eng,sal,salt
622,translate_sp_eng,pimienta,pepper
623,translate_sp_eng,mesa,table
624,translate_sp_eng,silla,chair
625,translate_sp_eng,puerta,door
626,translate_sp_eng,ventana,window
627,translate_sp_eng,calle,street
628,translate_sp_eng,ciudad,city
629,translate_sp_eng,país,country
630,translate_sp_eng,mundo,world
631,translate_sp_eng,tiempo,time
632,translate_sp_eng,día,day
633,translate_sp_eng,noche,night
634,translate_sp_eng,semana,week
635,translate_sp_eng,mes,month
636,translate_sp_eng,año,year
637,translate_sp_eng,hoy,today
638,translate_sp_eng,mañana,tomorrow
639,translate_sp_eng,ayer,yesterday
640,translate_sp_eng,niño,child
641,translate_sp_eng,escuela,school
642,translate_sp_eng,estudiante,student
643,translate_sp_eng,profesor,teacher
644,translate_sp_eng,manzana,apple
645,translate_sp_eng,naranja,orange
646,translate_sp_eng,pez,fish
647,translate_sp_eng,pájaro,bird
648,translate_sp_eng,caballo,horse
649,translate_sp_eng,carta,letter
650,translate_sp_eng,palabra,word
651,translate_sp_eng,frase,sentence
652,translate_sp_eng,página,page
653,translate_sp_eng,música,music
654,translate_sp_eng,canción,song
655,translate_sp_eng,baile,dance
656,translate_sp_eng,juego,game
657,translate_sp_eng,deporte,sport
658,translate_sp_eng,pelota,ball
659,translate_sp_eng,mano,hand
660,translate_sp_eng,pie,foot
661,translate_sp_eng,cabeza,head
662,translate_sp_eng,ojo,eye
663,translate_sp_eng,oreja,ear
664,translate_sp_eng,nariz,nose
665,translate_sp_eng,boca,mouth
666,translate_sp_eng,corazón,heart
667,translate_sp_eng,cerebro,brain
668,translate_sp_eng,cuerpo,body
669,translate_sp_eng,rojo,red
670,translate_sp_eng,azul,blue
671,translate_sp_eng,verde,green
672,translate_sp_eng,amarillo,yellow
673,translate_sp_eng,negro,black
674,translate_sp_eng,blanco,white
675,translate_sp_eng,morado,purple
676,translate_sp_eng,rosa,pink
677,translate_sp_eng,gris,gray
678,translate_sp_eng,marrón,brown
679,translate_sp_eng,grande,big
680,translate_sp_eng,pequeño,small
681,translate_sp_eng,caliente,hot
682,translate_sp_eng,frío,cold
683,translate_sp_eng,nuevo,new
684,translate_sp_eng,viejo,old
685,translate_sp_eng,bueno,good
686,translate_sp_eng,malo,bad
687,translate_sp_eng,feliz,happy
688,translate_sp_eng,triste,sad
689,translate_sp_eng,rápido,fast
690,translate_sp_eng,lento,slow
691,translate_sp_eng,fuerte,strong
692,translate_sp_eng,débil,weak
693,translate_sp_eng,hermoso,beautiful
694,translate_sp_eng,feo,ugly
695,translate_sp_eng,joven,young
696,translate_sp_eng,rico,rich
697,translate_sp_eng,pobre,poor
698,translate_sp_eng,limpio,clean
699,translate_sp_eng,sucio,dirty
700,translate_sp_eng,fácil,easy
701,translate_sp_eng,difícil,difficult
702,translate_sp_eng,largo,long
703,translate_sp_eng,corto,short
704,translate_sp_eng,alto,high
705,translate_sp_eng,bajo,low
706,translate_sp_eng,ancho,wide
707,translate_sp_eng,estrecho,narrow
708,translate_sp_eng,pesado,heavy
709,translate_sp_eng,ligero,light
710,translate_sp_eng,lleno,full
711,translate_sp_eng,vacío,empty
712,translate_sp_eng,derecho,right
713,translate_sp_eng,izquierdo,left
714,translate_sp_eng,arriba,up
715,translate_sp_eng,abajo,down
716,translate_sp_eng,dentro,inside
717,translate_sp_eng,fuera,outside
718,translate_sp_eng,frente,front
719,translate_sp_eng,atrás,back
720,translate_sp_eng,cerca,near
721,translate_sp_eng,lejos,far
722,translate_sp_eng,primero,first
723,translate_sp_eng,último,last
724,translate_sp_eng,abierto,open
725,translate_sp_eng,cerrado,closed
726,translate_sp_eng,uno,one
727,translate_sp_eng,dos,two
728,translate_sp_eng,tres,three
729,translate_sp_eng,cuatro,four
730,translate_sp_eng,cinco,five
731,translate_sp_eng,seis,six
732,translate_sp_eng,siete,seven
733,translate_sp_eng,ocho,eight
734,translate_sp_eng,nueve,nine
735,translate_sp_eng,diez,ten
736,translate_sp_eng,cien,hundred
737,translate_sp_eng,mil,thousand
738,translate_sp_eng,hermano,brother
739,translate_sp_eng,hermana,sister
740,translate_sp_eng,padre,father
741,translate_sp_eng,madre,mother
742,translate_sp_eng,hijo,son
743,translate_sp_eng,hija,daughter
744,translate_sp_eng,esposo,husband
745,translate_sp_eng,esposa,wife
746,translate_sp_eng,abuelo,grandfather
747,translate_sp_eng,abuela,grandmother
748,translate_sp_eng,tío,uncle
749,translate_sp_eng,tía,aunt
750,translate_sp_eng,primo,cousin
751,translate_sp_eng,rey,king
752,translate_sp_eng,reina,queen
753,translate_sp_eng,príncipe,prince
754,translate_sp_eng,princesa,princess
755,translate_sp_eng,hombre,man
756,translate_sp_eng,mujer,woman
757,translate_sp_eng,niña,girl
758,translate_sp_eng,bebé,baby
759,translate_sp_eng,médico,doctor
760,translate_sp_eng,enfermera,nurse
761,translate_sp_eng,abogado,lawyer
762,translate_sp_eng,policía,police
763,translate_sp_eng,soldado,soldier
764,translate_sp_eng,granjero,farmer
765,translate_sp_eng,trabajador,worker
766,translate_sp_eng,artista,artist
767,translate_sp_eng,músico,musician
768,translate_sp_eng,cantante,singer
769,present_to_gerund,run,running
770,present_to_gerund,swim,swimming
771,present_to_gerund,walk,walking
772,present_to_gerund,jump,jumping
773,present_to_gerund,dance,dancing
774,present_to_gerund,sing,singing
775,present_to_gerund,read,reading
776,present_to_gerund,write,writing
777,present_to_gerund,sleep,sleeping
778,present_to_gerund,eat,eating
779,present_to_gerund,drink,drinking
780,present_to_gerund,talk,talking
781,present_to_gerund,listen,listening
782,present_to_gerund,think,thinking
783,present_to_gerund,work,working
784,present_to_gerund,play,playing
785,present_to_gerund,study,studying
786,present_to_gerund,learn,learning
787,present_to_gerund,teach,teaching
788,present_to_gerund,build,building
789,present_to_gerund,create,creating
790,present_to_gerund,paint,painting
791,present_to_gerund,draw,drawing
792,present_to_gerund,cook,cooking
793,present_to_gerund,bake,baking
794,present_to_gerund,clean,cleaning
795,present_to_gerund,wash,washing
796,present_to_gerund,drive,driving
797,present_to_gerund,fly,flying
798,present_to_gerund,sail,sailing
799,present_to_gerund,climb,climbing
800,present_to_gerund,hike,hiking
801,present_to_gerund,bike,biking
802,present_to_gerund,ski,skiing
803,present_to_gerund,skate,skating
804,present_to_gerund,fish,fishing
805,present_to_gerund,hunt,hunting
806,present_to_gerund,camp,camping
807,present_to_gerund,travel,traveling
808,present_to_gerund,explore,exploring
809,present_to_gerund,laugh,laughing
810,present_to_gerund,smile,smiling
811,present_to_gerund,cry,crying
812,present_to_gerund,shout,shouting
813,present_to_gerund,whisper,whispering
814,present_to_gerund,love,loving
815,present_to_gerund,hate,hating
816,present_to_gerund,help,helping
817,present_to_gerund,share,sharing
818,present_to_gerund,care,caring
819,present_to_gerund,meet,meeting
820,present_to_gerund,see,seeing
821,present_to_gerund,hear,hearing
822,present_to_gerund,feel,feeling
823,present_to_gerund,smell,smelling
824,present_to_gerund,taste,tasting
825,present_to_gerund,touch,touching
826,present_to_gerund,hold,holding
827,present_to_gerund,carry,carrying
828,present_to_gerund,throw,throwing
829,present_to_gerund,catch,catching
830,present_to_gerund,push,pushing
831,present_to_gerund,pull,pulling
832,present_to_gerund,open,opening
833,present_to_gerund,close,closing
834,present_to_gerund,start,starting
835,present_to_gerund,stop,stopping
836,present_to_gerund,begin,beginning
837,present_to_gerund,end,ending
838,present_to_gerund,finish,finishing
839,present_to_gerund,stand,standing
840,present_to_gerund,sit,sitting
841,present_to_gerund,lie,lying
842,present_to_gerund,kneel,kneeling
843,present_to_gerund,bend,bending
844,present_to_gerund,stretch,stretching
845,present_to_gerund,relax,relaxing
846,present_to_gerund,rest,resting
847,present_to_gerund,wait,waiting
848,present_to_gerund,move,moving
849,present_to_gerund,live,living
850,present_to_gerund,give,giving
851,present_to_gerund,take,taking
852,present_to_gerund,make,making
853,present_to_gerund,come,coming
854,present_to_gerund,leave,leaving
855,present_to_gerund,arrive,arriving
856,present_to_gerund,believe,believing
857,present_to_gerund,achieve,achieving
858,present_to_gerund,receive,receiving
859,present_to_gerund,decide,deciding
860,present_to_gerund,hope,hoping
861,present_to_gerund,change,changing
862,present_to_gerund,manage,managing
863,present_to_gerund,improve,improving
864,present_to_gerund,practice,practicing
865,present_to_gerund,notice,noticing
866,present_to_gerund,realize,realizing
867,present_to_gerund,organize,organizing
868,present_to_gerund,recognize,recognizing
869,present_to_gerund,apologize,apologizing
870,present_to_gerund,criticize,criticizing
871,present_to_gerund,advertise,advertising
872,present_to_gerund,exercise,exercising
873,present_to_gerund,surprise,surprising
874,present_to_gerund,promise,promising
875,present_to_gerund,imagine,imagining
876,present_to_gerund,examine,examining
877,present_to_gerund,determine,determining
878,present_to_gerund,continue,continuing
879,present_to_gerund,argue,arguing
880,present_to_gerund,issue,issuing
881,present_to_gerund,rescue,rescuing
882,present_to_gerund,pursue,pursuing
883,present_to_gerund,value,valuing
884,present_to_gerund,invite,inviting
885,present_to_gerund,excite,exciting
886,present_to_gerund,unite,uniting
887,present_to_gerund,compete,competing
888,present_to_gerund,complete,completing
889,present_to_gerund,delete,deleting
890,present_to_gerund,greet,greeting
891,present_to_gerund,repeat,repeating
892,present_to_gerund,defeat,defeating
893,present_to_gerund,treat,treating
894,present_to_gerund,relate,relating
895,present_to_gerund,celebrate,celebrating
896,present_to_gerund,demonstrate,demonstrating
897,present_to_gerund,hesitate,hesitating
898,present_to_gerund,appreciate,appreciating
899,present_to_gerund,communicate,communicating
900,present_to_gerund,educate,educating
901,present_to_gerund,investigate,investigating
902,present_to_gerund,concentrate,concentrating
903,present_to_gerund,cooperate,cooperating
904,present_to_gerund,decorate,decorating
905,present_to_gerund,operate,operating
906,present_to_gerund,separate,separating
907,present_to_gerund,participate,participating
908,present_to_gerund,navigate,navigating
909,present_to_gerund,motivate,motivating
910,present_to_gerund,activate,activating
911,present_to_gerund,illustrate,illustrating
912,present_to_gerund,calculate,calculating
913,present_to_gerund,translate,translating
914,present_to_gerund,accelerate,accelerating
915,present_to_gerund,dominate,dominating
916,present_to_gerund,eliminate,eliminating
917,present_to_gerund,fascinate,fascinating
918,present_to_gerund,generate,generating
919,present_to_gerund,imitate,imitating
920,present_to_gerund,irritate,irritating
921,present_to_gerund,meditate,meditating
922,present_to_gerund,negotiate,negotiating
923,present_to_gerund,penetrate,penetrating
924,present_to_gerund,radiate,radiating
925,present_to_gerund,rotate,rotating
926,present_to_gerund,stimulate,stimulating
927,present_to_gerund,tolerate,tolerating
928,present_to_gerund,validate,validating
929,present_to_gerund,vibrate,vibrating
930,present_to_gerund,anticipate,anticipating
931,present_to_gerund,appreciate,appreciating
932,present_to_gerund,contemplate,contemplating
933,present_to_gerund,coordinate,coordinating
934,present_to_gerund,cultivate,cultivating
935,present_to_gerund,dedicate,dedicating
936,present_to_gerund,designate,designating
937,present_to_gerund,deviate,deviating
938,present_to_gerund,escalate,escalating
939,present_to_gerund,evaluate,evaluating
940,present_to_gerund,evaporate,evaporating
941,present_to_gerund,exaggerate,exaggerating
942,present_to_gerund,hibernate,hibernating
943,present_to_gerund,incorporate,incorporating
944,present_to_gerund,innovate,innovating
945,present_to_gerund,integrate,integrating
946,present_to_gerund,initiate,initiating
947,present_to_gerund,terminate,terminating
948,singular_to_plural,child,children
949,singular_to_plural,mouse,mice
950,singular_to_plural,foot,feet
951,singular_to_plural,tooth,teeth
952,singular_to_plural,woman,women
953,singular_to_plural,man,men
954,singular_to_plural,person,people
955,singular_to_plural,bird,birds
956,singular_to_plural,sheep,sheep
957,singular_to_plural,deer,deer
958,singular_to_plural,goose,geese
959,singular_to_plural,ox,oxen
960,singular_to_plural,computer,computers
961,singular_to_plural,phone,phones
962,singular_to_plural,pen,pens
963,singular_to_plural,pencil,pencils
964,singular_to_plural,paper,papers
965,singular_to_plural,cup,cups
966,singular_to_plural,glass,glasses
967,singular_to_plural,plate,plates
968,singular_to_plural,knife,knives
969,singular_to_plural,fork,forks
970,singular_to_plural,spoon,spoons
971,singular_to_plural,apple,apples
972,singular_to_plural,orange,oranges
973,singular_to_plural,banana,bananas
974,singular_to_plural,potato,potatoes
975,singular_to_plural,tomato,tomatoes
976,singular_to_plural,box,boxes
977,singular_to_plural,brush,brushes
978,singular_to_plural,watch,watches
979,singular_to_plural,beach,beaches
980,singular_to_plural,class,classes
981,singular_to_plural,bus,buses
982,singular_to_plural,kiss,kisses
983,singular_to_plural,dish,dishes
984,singular_to_plural,fox,foxes
985,singular_to_plural,church,churches
986,singular_to_plural,baby,babies
987,singular_to_plural,lady,ladies
988,singular_to_plural,story,stories
989,singular_to_plural,party,parties
990,singular_to_plural,library,libraries
991,singular_to_plural,berry,berries
992,singular_to_plural,butterfly,butterflies
993,singular_to_plural,leaf,leaves
994,singular_to_plural,wolf,wolves
995,singular_to_plural,life,lives
996,singular_to_plural,wife,wives
997,singular_to_plural,half,halves
998,singular_to_plural,loaf,loaves
999,singular_to_plural,shelf,shelves
1000,singular_to_plural,thief,thieves
1001,singular_to_plural,scarf,scarves
1002,singular_to_plural,calf,calves
1003,singular_to_plural,hero,heroes
1004,singular_to_plural,echo,echoes
1005,singular_to_plural,cargo,cargoes
1006,singular_to_plural,mosquito,mosquitoes
1007,singular_to_plural,volcano,volcanoes
1008,singular_to_plural,piano,pianos
1009,singular_to_plural,photo,photos
1010,singular_to_plural,video,videos
1011,singular_to_plural,radio,radios
1012,singular_to_plural,studio,studios
1013,singular_to_plural,tree,trees
1014,singular_to_plural,key,keys
1015,singular_to_plural,boy,boys
1016,singular_to_plural,toy,toys
1017,singular_to_plural,day,days
1018,singular_to_plural,way,ways
1019,singular_to_plural,eye,eyes
1020,singular_to_plural,guy,guys
1021,singular_to_plural,ray,rays
1022,singular_to_plural,bay,bays
1023,singular_to_plural,arm,arms
1024,singular_to_plural,leg,legs
1025,singular_to_plural,ear,ears
1026,singular_to_plural,hand,hands
1027,singular_to_plural,finger,fingers
1028,singular_to_plural,toe,toes
1029,singular_to_plural,nose,noses
1030,singular_to_plural,bone,bones
1031,singular_to_plural,muscle,muscles
1032,singular_to_plural,nerve,nerves
1033,singular_to_plural,vein,veins
1034,singular_to_plural,artery,arteries
1035,singular_to_plural,lung,lungs
1036,singular_to_plural,kidney,kidneys
1037,singular_to_plural,liver,livers
1038,singular_to_plural,brain,brains
1039,singular_to_plural,heart,hearts
1040,singular_to_plural,stomach,stomachs
1041,singular_to_plural,teacher,teachers
1042,singular_to_plural,student,students
1043,singular_to_plural,doctor,doctors
1044,singular_to_plural,nurse,nurses
1045,singular_to_plural,farmer,farmers
1046,singular_to_plural,worker,workers
1047,singular_to_plural,driver,drivers
1048,singular_to_plural,pilot,pilots
1049,singular_to_plural,singer,singers
1050,singular_to_plural,dancer,dancers
1051,singular_to_plural,writer,writers
1052,singular_to_plural,painter,painters
1053,singular_to_plural,player,players
1054,singular_to_plural,swimmer,swimmers
1055,singular_to_plural,runner,runners
1056,singular_to_plural,builder,builders
1057,singular_to_plural,soldier,soldiers
1058,singular_to_plural,sailor,sailors
1059,singular_to_plural,officer,officers
1060,singular_to_plural,lawyer,lawyers
1061,singular_to_plural,engineer,engineers
1062,singular_to_plural,scientist,scientists
1063,singular_to_plural,musician,musicians
1064,singular_to_plural,artist,artists
1065,singular_to_plural,actor,actors
1066,singular_to_plural,actress,actresses
1067,singular_to_plural,chef,chefs
1068,singular_to_plural,baker,bakers
1069,singular_to_plural,butcher,butchers
1070,singular_to_plural,tailor,tailors
1071,singular_to_plural,clerk,clerks
1072,singular_to_plural,manager,managers
1073,singular_to_plural,director,directors
1074,singular_to_plural,president,presidents
1075,singular_to_plural,king,kings
1076,singular_to_plural,queen,queens
1077,singular_to_plural,prince,princes
1078,singular_to_plural,princess,princesses
1079,singular_to_plural,emperor,emperors
1080,singular_to_plural,empress,empresses
1081,singular_to_plural,duke,dukes
1082,singular_to_plural,duchess,duchesses
1083,singular_to_plural,lord,lords
1084,singular_to_plural,knight,knights
1085,singular_to_plural,heroine,heroines
1086,singular_to_plural,villain,villains
1087,singular_to_plural,self,selves
1088,singular_to_plural,elf,elves
1089,singular_to_plural,wharf,wharves
1090,singular_to_plural,belief,beliefs
1091,singular_to_plural,chief,chiefs
1092,singular_to_plural,cliff,cliffs
1093,singular_to_plural,proof,proofs
1094,singular_to_plural,roof,roofs
1095,singular_to_plural,safe,safes
1096,singular_to_plural,grief,griefs
1097,singular_to_plural,reef,reefs
1098,singular_to_plural,gulf,gulfs
1099,singular_to_plural,dwarf,dwarves
1100,singular_to_plural,hoof,hooves
1101,singular_to_plural,datum,data
1102,singular_to_plural,medium,media
1103,singular_to_plural,curriculum,curricula
1104,singular_to_plural,phenomenon,phenomena
1105,singular_to_plural,criterion,criteria
1106,singular_to_plural,analysis,analyses
1107,singular_to_plural,basis,bases
1108,singular_to_plural,crisis,crises
1109,singular_to_plural,thesis,theses
1110,singular_to_plural,oasis,oases
1111,singular_to_plural,axis,axes
1112,singular_to_plural,parenthesis,parentheses
1113,country_to_capital,Afghanistan,Kabul
1114,country_to_capital,Albania,Tirana
1115,country_to_capital,Algeria,Algiers
1116,country_to_capital,Andorra,Andorra la Vella
1117,country_to_capital,Angola,Luanda
1118,country_to_capital,Antigua and Barbuda,Saint John's
1119,country_to_capital,Argentina,Buenos Aires
1120,country_to_capital,Armenia,Yerevan
1121,country_to_capital,Australia,Canberra
1122,country_to_capital,Austria,Vienna
1123,country_to_capital,Azerbaijan,Baku
1124,country_to_capital,Bahamas,Nassau
1125,country_to_capital,Bahrain,Manama
1126,country_to_capital,Bangladesh,Dhaka
1127,country_to_capital,Barbados,Bridgetown
1128,country_to_capital,Belgium,Brussels
1129,country_to_capital,Belize,Belmopan
1130,country_to_capital,Benin,Porto-Novo
1131,country_to_capital,Bhutan,Thimphu
1132,country_to_capital,Bolivia,La Paz
1133,country_to_capital,Bosnia and Herzegovina,Sarajevo
1134,country_to_capital,Botswana,Gaborone
1135,country_to_capital,Brazil,Brasília
1136,country_to_capital,Brunei,Bandar Seri Begawan
1137,country_to_capital,Bulgaria,Sofia
1138,country_to_capital,Burkina Faso,Ouagadougou
1139,country_to_capital,Burundi,Gitega
1140,country_to_capital,Cameroon,Yaoundé
1141,country_to_capital,Canada,Ottawa
1142,country_to_capital,Cape Verde,Praia
1143,country_to_capital,Central African Republic,Bangui
1144,country_to_capital,Chad,N'Djamena
1145,country_to_capital,China,Beijing
1146,country_to_capital,Comoros,Moroni
1147,country_to_capital,Congo,Brazzaville
1148,country_to_capital,Costa Rica,San José
1149,country_to_capital,Croatia,Zagreb
1150,country_to_capital,Cuba,Havana
1151,country_to_capital,Cyprus,Nicosia
1152,country_to_capital,Czech Republic,Prague
1153,country_to_capital,DR Congo,Kinshasa
1154,country_to_capital,Denmark,Copenhagen
1155,country_to_capital,Djibouti,Djibouti
1156,country_to_capital,Dominica,Roseau
1157,country_to_capital,Dominican Republic,Santo Domingo
1158,country_to_capital,Ecuador,Quito
1159,country_to_capital,Egypt,Cairo
1160,country_to_capital,El Salvador,San Salvador
1161,country_to_capital,Equatorial Guinea,Malabo
1162,country_to_capital,Eritrea,Asmara
1163,country_to_capital,Estonia,Tallinn
1164,country_to_capital,Eswatini,Mbabane
1165,country_to_capital,Ethiopia,Addis Ababa
1166,country_to_capital,Fiji,Suva
1167,country_to_capital,Finland,Helsinki
1168,country_to_capital,France,Paris
1169,country_to_capital,Gabon,Libreville
1170,country_to_capital,Gambia,Banjul
1171,country_to_capital,Georgia,Tbilisi
1172,country_to_capital,Germany,Berlin
1173,country_to_capital,Ghana,Accra
1174,country_to_capital,Greece,Athens
1175,country_to_capital,Grenada,Saint George's
1176,country_to_capital,Guatemala,Guatemala City
1177,country_to_capital,Guinea,Conakry
1178,country_to_capital,Guinea-Bissau,Bissau
1179,country_to_capital,Guyana,Georgetown
1180,country_to_capital,Haiti,Port-au-Prince
1181,country_to_capital,Honduras,Tegucigalpa
1182,country_to_capital,Hungary,Budapest
1183,country_to_capital,Iceland,Reykjavik
1184,country_to_capital,India,New Delhi
1185,country_to_capital,Indonesia,Jakarta
1186,country_to_capital,Iran,Tehran
1187,country_to_capital,Iraq,Baghdad
1188,country_to_capital,Ireland,Dublin
1189,country_to_capital,Israel,Jerusalem
1190,country_to_capital,Italy,Rome
1191,country_to_capital,Ivory Coast,Yamoussoukro
1192,country_to_capital,Jamaica,Kingston
1193,country_to_capital,Japan,Tokyo
1194,country_to_capital,Jordan,Amman
1195,country_to_capital,Kenya,Nairobi
1196,country_to_capital,Kiribati,Tarawa
1197,country_to_capital,Kosovo,Pristina
1198,country_to_capital,Kuwait,Kuwait City
1199,country_to_capital,Kyrgyzstan,Bishkek
1200,country_to_capital,Latvia,Riga
1201,country_to_capital,Lebanon,Beirut
1202,country_to_capital,Lesotho,Maseru
1203,country_to_capital,Liberia,Monrovia
1204,country_to_capital,Libya,Tripoli
1205,country_to_capital,Liechtenstein,Vaduz
1206,country_to_capital,Lithuania,Vilnius
1207,country_to_capital,Luxembourg,Luxembourg
1208,country_to_capital,Madagascar,Antananarivo
1209,country_to_capital,Malawi,Lilongwe
1210,country_to_capital,Malaysia,Kuala Lumpur
1211,country_to_capital,Maldives,Malé
1212,country_to_capital,Mali,Bamako
1213,country_to_capital,Malta,Valletta
1214,country_to_capital,Marshall Islands,Majuro
1215,country_to_capital,Mauritania,Nouakchott
1216,country_to_capital,Mauritius,Port Louis
1217,country_to_capital,Mexico,Mexico City
1218,country_to_capital,Micronesia,Palikir
1219,country_to_capital,Moldova,Chișinău
1220,country_to_capital,Monaco,Monaco
1221,country_to_capital,Montenegro,Podgorica
1222,country_to_capital,Morocco,Rabat
1223,country_to_capital,Mozambique,Maputo
1224,country_to_capital,Namibia,Windhoek
1225,country_to_capital,Nauru,Yaren
1226,country_to_capital,Netherlands,Amsterdam
1227,country_to_capital,New Zealand,Wellington
1228,country_to_capital,Nicaragua,Managua
1229,country_to_capital,Niger,Niamey
1230,country_to_capital,Nigeria,Abuja
1231,country_to_capital,North Korea,Pyongyang
1232,country_to_capital,North Macedonia,Skopje
1233,country_to_capital,Norway,Oslo
1234,country_to_capital,Oman,Muscat
1235,country_to_capital,Pakistan,Islamabad
1236,country_to_capital,Palau,Ngerulmud
1237,country_to_capital,Palestine,Ramallah
1238,country_to_capital,Panama,Panama City
1239,country_to_capital,Papua New Guinea,Port Moresby
1240,country_to_capital,Paraguay,Asunción
1241,country_to_capital,Philippines,Manila
1242,country_to_capital,Poland,Warsaw
1243,country_to_capital,Portugal,Lisbon
1244,country_to_capital,Qatar,Doha
1245,country_to_capital,Romania,Bucharest
1246,country_to_capital,Russia,Moscow
1247,country_to_capital,Rwanda,Kigali
1248,country_to_capital,Saint Kitts and Nevis,Basseterre
1249,country_to_capital,Saint Lucia,Castries
1250,country_to_capital,Saint Vincent and the Grenadines,Kingstown
1251,country_to_capital,Samoa,Apia
1252,country_to_capital,San Marino,San Marino
1253,country_to_capital,Sao Tome and Principe,São Tomé
1254,country_to_capital,Saudi Arabia,Riyadh
1255,country_to_capital,Senegal,Dakar
1256,country_to_capital,Serbia,Belgrade
1257,country_to_capital,Seychelles,Victoria
1258,country_to_capital,Sierra Leone,Freetown
1259,country_to_capital,Singapore,Singapore
1260,country_to_capital,Slovakia,Bratislava
1261,country_to_capital,Slovenia,Ljubljana
1262,country_to_capital,Solomon Islands,Honiara
1263,country_to_capital,Somalia,Mogadishu
1264,country_to_capital,South Africa,Pretoria
1265,country_to_capital,South Korea,Seoul
1266,country_to_capital,South Sudan,Juba
1267,country_to_capital,Spain,Madrid
1268,country_to_capital,Sudan,Khartoum
1269,country_to_capital,Suriname,Paramaribo
1270,country_to_capital,Sweden,Stockholm
1271,country_to_capital,Switzerland,Bern
1272,country_to_capital,Syria,Damascus
1273,country_to_capital,Taiwan,Taipei
1274,country_to_capital,Tajikistan,Dushanbe
1275,country_to_capital,Tanzania,Dodoma
1276,country_to_capital,Thailand,Bangkok
1277,country_to_capital,Timor-Leste,Dili
1278,country_to_capital,Togo,Lomé
1279,country_to_capital,Tonga,Nuku'alofa
1280,country_to_capital,Trinidad and Tobago,Port of Spain
1281,country_to_capital,Tunisia,Tunis
1282,country_to_capital,Turkey,Ankara
1283,country_to_capital,Turkmenistan,Ashgabat
1284,country_to_capital,Tuvalu,Funafuti
1285,country_to_capital,Uganda,Kampala
1286,country_to_capital,Ukraine,Kyiv
1287,country_to_capital,United Arab Emirates,Abu Dhabi
1288,country_to_capital,United Kingdom,London
1289,country_to_capital,Uruguay,Montevideo
1290,country_to_capital,Uzbekistan,Tashkent
1291,country_to_capital,Vanuatu,Port Vila
1292,country_to_capital,Vatican City,Vatican City
1293,country_to_capital,Vietnam,Hanoi
1294,country_to_capital,Yemen,Sana'a
1295,country_to_capital,Zambia,Lusaka
1296,country_to_capital,Zimbabwe,Harare
1297,country_to_currency,United States,Dollar
1298,country_to_currency,UAE,Dirham
1299,country_to_currency,Chile,Peso
1300,country_to_currency,Colombia,Peso
1301,country_to_currency,Peru,Sol
1302,country_to_currency,Venezuela,Bolívar
1303,country_to_currency,Sri Lanka,Rupee
1304,country_to_currency,Nepal,Rupee
1305,country_to_currency,Myanmar,Kyat
1306,country_to_currency,Cambodia,Riel
1307,country_to_currency,Laos,Kip
1308,country_to_currency,Mongolia,Tugrik
1309,country_to_currency,Kazakhstan,Tenge
1310,country_to_currency,Belarus,Ruble
1311,country_to_currency,Afghanistan,Afghani
1312,country_to_currency,Albania,Lek
1313,country_to_currency,Algeria,Dinar
1314,country_to_currency,Andorra,Euro
1315,country_to_currency,Angola,Kwanza
1316,country_to_currency,Antigua and Barbuda,East Caribbean Dollar
1317,country_to_currency,Argentina,Peso
1318,country_to_currency,Armenia,Dram
1319,country_to_currency,Australia,Australian Dollar
1320,country_to_currency,Austria,Euro
1321,country_to_currency,Azerbaijan,Manat
1322,country_to_currency,Bahamas,Dollar
1323,country_to_currency,Bahrain,Dinar
1324,country_to_currency,Bangladesh,Taka
1325,country_to_currency,Barbados,Dollar
1326,country_to_currency,Belgium,Euro
1327,country_to_currency,Belize,Dollar
1328,country_to_currency,Benin,CFA Franc
1329,country_to_currency,Bhutan,Ngultrum
1330,country_to_currency,Bolivia,Boliviano
1331,country_to_currency,Bosnia and Herzegovina,Convertible Mark
1332,country_to_currency,Botswana,Pula
1333,country_to_currency,Brazil,Real
1334,country_to_currency,Brunei,Dollar
1335,country_to_currency,Bulgaria,Lev
1336,country_to_currency,Burkina Faso,CFA Franc
1337,country_to_currency,Burundi,Franc
1338,country_to_currency,Cameroon,CFA Franc
1339,country_to_currency,Canada,Canadian Dollar
1340,country_to_currency,Cape Verde,Escudo
1341,country_to_currency,Central African Republic,CFA Franc
1342,country_to_currency,Chad,CFA Franc
1343,country_to_currency,China,Yuan
1344,country_to_currency,Comoros,Franc
1345,country_to_currency,Congo,CFA Franc
1346,country_to_currency,Costa Rica,Colón
1347,country_to_currency,Croatia,Euro
1348,country_to_currency,Cuba,Peso
1349,country_to_currency,Cyprus,Euro
1350,country_to_currency,Czech Republic,Koruna
1351,country_to_currency,Denmark,Krone
1352,country_to_currency,Djibouti,Franc
1353,country_to_currency,Dominica,East Caribbean Dollar
1354,country_to_currency,Dominican Republic,Peso
1355,country_to_currency,DR Congo,Congolese Franc
1356,country_to_currency,Ecuador,Dollar
1357,country_to_currency,Egypt,Pound
1358,country_to_currency,El Salvador,Dollar
1359,country_to_currency,Equatorial Guinea,CFA Franc
1360,country_to_currency,Eritrea,Nakfa
1361,country_to_currency,Estonia,Euro
1362,country_to_currency,Eswatini,Lilangeni
1363,country_to_currency,Ethiopia,Birr
1364,country_to_currency,Fiji,Dollar
1365,country_to_currency,Finland,Euro
1366,country_to_currency,France,Euro
1367,country_to_currency,Gabon,CFA Franc
1368,country_to_currency,Gambia,Dalasi
1369,country_to_currency,Georgia,Lari
1370,country_to_currency,Germany,Euro
1371,country_to_currency,Ghana,Cedi
1372,country_to_currency,Greece,Euro
1373,country_to_currency,Grenada,East Caribbean Dollar
1374,country_to_currency,Guatemala,Quetzal
1375,country_to_currency,Guinea,Franc
1376,country_to_currency,Guinea-Bissau,CFA Franc
1377,country_to_currency,Guyana,Dollar
1378,country_to_currency,Haiti,Gourde
1379,country_to_currency,Honduras,Lempira
1380,country_to_currency,Hungary,Forint
1381,country_to_currency,Iceland,Króna
1382,country_to_currency,India,Rupee
1383,country_to_currency,Indonesia,Rupiah
1384,country_to_currency,Iran,Rial
1385,country_to_currency,Iraq,Dinar
1386,country_to_currency,Ireland,Euro
1387,country_to_currency,Israel,Shekel
1388,country_to_currency,Italy,Euro
1389,country_to_currency,Ivory Coast,CFA Franc
1390,country_to_currency,Jamaica,Dollar
1391,country_to_currency,Japan,Yen
1392,country_to_currency,Jordan,Dinar
1393,country_to_currency,Kenya,Shilling
1394,country_to_currency,Kiribati,Australian Dollar
1395,country_to_currency,Kosovo,Euro
1396,country_to_currency,Kuwait,Dinar
1397,country_to_currency,Kyrgyzstan,Som
1398,country_to_currency,Latvia,Euro
1399,country_to_currency,Lebanon,Pound
1400,country_to_currency,Lesotho,Loti
1401,country_to_currency,Liberia,Dollar
1402,country_to_currency,Libya,Dinar
1403,country_to_currency,Liechtenstein,Swiss Franc
1404,country_to_currency,Lithuania,Euro
1405,country_to_currency,Luxembourg,Euro
1406,country_to_currency,Madagascar,Ariary
1407,country_to_currency,Malawi,Kwacha
1408,country_to_currency,Malaysia,Ringgit
1409,country_to_currency,Maldives,Rufiyaa
1410,country_to_currency,Mali,CFA Franc
1411,country_to_currency,Malta,Euro
1412,country_to_currency,Marshall Islands,US Dollar
1413,country_to_currency,Mauritania,Ouguiya
1414,country_to_currency,Mauritius,Rupee
1415,country_to_currency,Mexico,Peso
1416,country_to_currency,Micronesia,US Dollar
1417,country_to_currency,Moldova,Leu
1418,country_to_currency,Monaco,Euro
1419,country_to_currency,Montenegro,Euro
1420,country_to_currency,Morocco,Dirham
1421,country_to_currency,Mozambique,Metical
1422,country_to_currency,Namibia,Dollar
1423,country_to_currency,Nauru,Australian Dollar
1424,country_to_currency,Netherlands,Euro
1425,country_to_currency,New Zealand,Dollar
1426,country_to_currency,Nicaragua,Córdoba
1427,country_to_currency,Niger,CFA Franc
1428,country_to_currency,Nigeria,Naira
1429,country_to_currency,North Korea,Won
1430,country_to_currency,North Macedonia,Denar
1431,country_to_currency,Norway,Krone
1432,country_to_currency,Oman,Rial
1433,country_to_currency,Pakistan,Rupee
1434,country_to_currency,Palau,US Dollar
1435,country_to_currency,Palestine,Shekel
1436,country_to_currency,Panama,Balboa
1437,country_to_currency,Papua New Guinea,Kina
1438,country_to_currency,Paraguay,Guaraní
1439,country_to_currency,Philippines,Peso
1440,country_to_currency,Poland,Zloty
1441,country_to_currency,Portugal,Euro
1442,country_to_currency,Qatar,Riyal
1443,country_to_currency,Romania,Leu
1444,country_to_currency,Russia,Ruble
1445,country_to_currency,Rwanda,Franc
1446,country_to_currency,Saint Kitts and Nevis,East Caribbean Dollar
1447,country_to_currency,Saint Lucia,East Caribbean Dollar
1448,country_to_currency,Saint Vincent and the Grenadines,East Caribbean Dollar
1449,country_to_currency,Samoa,Tala
1450,country_to_currency,San Marino,Euro
1451,country_to_currency,Sao Tome and Principe,Dobra
1452,country_to_currency,Saudi Arabia,Riyal
1453,country_to_currency,Senegal,CFA Franc
1454,country_to_currency,Serbia,Dinar
1455,country_to_currency,Seychelles,Rupee
1456,country_to_currency,Sierra Leone,Leone
1457,country_to_currency,Singapore,Dollar
1458,country_to_currency,Slovakia,Euro
1459,country_to_currency,Slovenia,Euro
1460,country_to_currency,Solomon Islands,Dollar
1461,country_to_currency,Somalia,Shilling
1462,country_to_currency,South Africa,Rand
1463,country_to_currency,South Korea,Won
1464,country_to_currency,South Sudan,Pound
1465,country_to_currency,Spain,Euro
1466,country_to_currency,Sudan,Pound
1467,country_to_currency,Suriname,Dollar
1468,country_to_currency,Sweden,Krona
1469,country_to_currency,Switzerland,Swiss Franc
1470,country_to_currency,Syria,Pound
1471,country_to_currency,Taiwan,Dollar
1472,country_to_currency,Tajikistan,Somoni
1473,country_to_currency,Tanzania,Shilling
1474,country_to_currency,Thailand,Baht
1475,country_to_currency,Timor-Leste,US Dollar
1476,country_to_currency,Togo,CFA Franc
1477,country_to_currency,Tonga,Pa'anga
1478,country_to_currency,Trinidad and Tobago,Dollar
1479,country_to_currency,Tunisia,Dinar
1480,country_to_currency,Turkey,Lira
1481,country_to_currency,Turkmenistan,Manat
1482,country_to_currency,Tuvalu,Australian Dollar
1483,country_to_currency,Uganda,Shilling
1484,country_to_currency,Ukraine,Hryvnia
1485,country_to_currency,United Arab Emirates,Dirham
1486,country_to_currency,United Kingdom,Pound
1487,country_to_currency,Uruguay,Peso
1488,country_to_currency,Uzbekistan,Som
1489,country_to_currency,Vanuatu,Vatu
1490,country_to_currency,Vatican City,Euro
1491,country_to_currency,Vietnam,Dong
1492,country_to_currency,Yemen,Rial
1493,country_to_currency,Zambia,Kwacha
1494,country_to_currency,Zimbabwe,Dollar
1495,last_letter,the cat went up the tree,e
1496,last_letter,elephants are cool,l
1497,last_letter,beautiful morning sunshine,e
1498,last_letter,running through the forest,t
1499,last_letter,amazing journey ahead,d
1500,last_letter,quickly jumping over fences,s
1501,last_letter,wonderful day for walking,g
1502,last_letter,sitting by the ocean,n
1503,last_letter,laughing with friends,s
1504,last_letter,dancing in the moonlight,t
1505,last_letter,purple flowers blooming everywhere,e
1506,last_letter,velvet curtains hanging gracefully,y
1507,last_letter,mountain peaks touching clouds,s
1508,last_letter,children playing in park,k
1509,last_letter,orange sunset over hills,s
1510,last_letter,friendly neighborhood gathering together,r
1511,last_letter,gentle breeze flowing softly,y
1512,last_letter,kind words spoken warmly,y
1513,last_letter,joyful celebration with everyone,e
1514,last_letter,happy memories being made,e
1515,last_letter,incredible adventure awaits you,u
1516,last_letter,zebras running across plains,s
1517,last_letter,young birds learning flight,t
1518,last_letter,new opportunities emerging daily,y
1519,last_letter,umbrella protecting from rain,n
1520,last_letter,treasures hidden beneath sand,d
1521,last_letter,excited children opening presents,s
1522,last_letter,quiet moments of reflection,n
1523,last_letter,brave heroes saving day,y
1524,last_letter,simple pleasures of life,e
1525,last_letter,ancient trees standing tall,l
1526,last_letter,rivers flowing to sea,a
1527,last_letter,delicious food on table,e
1528,last_letter,warm sunshine on face,e
1529,last_letter,loving family together always,s
1530,last_letter,peaceful garden with flowers,s
1531,last_letter,magnificent view from mountain,n
1532,last_letter,creative ideas flowing freely,y
1533,last_letter,vibrant colors everywhere around,d
1534,last_letter,old stories being retold,d
1535,last_letter,graceful dancers on stage,e
1536,last_letter,fearless explorers finding treasure,e
1537,last_letter,interesting books on shelf,f
1538,last_letter,knowledge gained through reading,g
1539,last_letter,huge waves crashing ashore,e
1540,last_letter,xerox machine making copies,s
1541,last_letter,zealous students studying hard,d
1542,last_letter,natural beauty surrounds us,s
1543,last_letter,unique experiences shape us,s
1544,last_letter,joyous occasions bring happiness,s
1545,last_letter,traveling to distant lands,s
1546,last_letter,eating fresh strawberries daily,y
1547,last_letter,building sandcastles at beach,h
1548,last_letter,reading novels by fireplace,e
1549,last_letter,admiring beautiful sunset views,s
1550,last_letter,questioning everything around us,s
1551,last_letter,writing stories late night,t
1552,last_letter,studying mathematics very carefully,y
1553,last_letter,learning new languages quickly,y
1554,last_letter,drawing pictures with crayons,s
1555,last_letter,playing guitar on weekends,s
1556,last_letter,visiting museums and galleries,s
1557,last_letter,making friends wherever going,g
1558,last_letter,collecting stamps from countries,s
1559,last_letter,organizing special birthday parties,s
1560,last_letter,finding treasures in attic,c
1561,last_letter,growing vegetables in garden,n
1562,last_letter,keeping diaries of adventures,s
1563,last_letter,jumping rope with children,n
1564,last_letter,helping neighbors with tasks,s
1565,last_letter,inventing clever new solutions,s
1566,last_letter,xeroxing important documents carefully,y
1567,last_letter,zipping through busy streets,s
1568,last_letter,negotiating deals with partners,s
1569,last_letter,understanding complex mathematical concepts,s
1570,last_letter,joining clubs at university,y
1571,last_letter,yelling across the field,d
1572,last_letter,teaching children important lessons,s
1573,last_letter,exploring deep ocean depths,s
1574,last_letter,questioning authority respectfully always,s
1575,last_letter,brilliant minds thinking alike,e
1576,last_letter,racing against time limits,s
1577,last_letter,achieving goals through effort,t
1578,last_letter,dreaming big every day,y
1579,last_letter,winning competitions with skill,l
1580,last_letter,singing songs from heart,t
1581,last_letter,loving nature and wildlife,e
1582,last_letter,performing magic tricks successfully,y
1583,last_letter,caring for elderly neighbors,s
1584,last_letter,volunteering at local shelter,r
1585,last_letter,mysterious shadows moving slowly,y
1586,last_letter,powerful engine roaring loudly,y
1587,last_letter,colorful butterflies flying gracefully,y
1588,last_letter,golden sunrise breaking dawn,n
1589,last_letter,frozen lake covered completely,y
1590,last_letter,towering mountains reaching skyward,d
1591,last_letter,sparkling diamonds shining bright,t
1592,last_letter,peaceful meadow stretching endlessly,y
1593,last_letter,rushing river flowing fast,t
1594,last_letter,brilliant stars twinkling above,e
1595,last_letter,gentle rain falling softly,y
1596,last_letter,heavy snow blanketing ground,d
1597,last_letter,warm breeze blowing gently,y
1598,last_letter,loud thunder rumbling overhead,d
1599,last_letter,bright lightning striking suddenly,y
1600,last_letter,thick fog rolling inland,d
1601,last_letter,clear sky stretching forever,r
1602,last_letter,dark clouds gathering quickly,y
1603,last_letter,white sand sparkling beautifully,y
1604,last_letter,deep ocean hiding secrets,s
1605,last_letter,tall grass swaying rhythmically,y
1606,last_letter,wild horses running free,e
1607,last_letter,small birds chirping happily,y
1608,last_letter,big bears catching fish,h
1609,last_letter,clever foxes hunting prey,y
1610,last_letter,wise owls watching silently,y
1611,last_letter,playful dolphins jumping high,h
1612,last_letter,majestic eagles soaring overhead,d
1613,last_letter,colorful parrots talking loudly,y
1614,last_letter,tiny insects buzzing around,d
1615,last_letter,slithering snakes moving quietly,y
1616,last_letter,hopping rabbits eating carrots,s
1617,last_letter,swimming turtles moving slowly,y
1618,last_letter,climbing monkeys swinging branches,s
1619,last_letter,roaring lions hunting tonight,t
1620,last_letter,striped zebras grazing peacefully,y
1621,last_letter,spotted leopards stalking silently,y
1622,last_letter,giant elephants walking majestically,y
1623,last_letter,graceful deer leaping bounds,s
1624,last_letter,mighty whales swimming deep,p
1625,last_letter,flying bats hunting insects,s
1626,last_letter,crawling ants working together,r
1627,last_letter,buzzing bees making honey,y
1628,last_letter,spinning spiders weaving webs,s
1629,last_letter,jumping frogs catching flies,s
1630,last_letter,sliding penguins on ice,e
1631,last_letter,waddling ducks crossing road,d
1632,last_letter,pecking chickens finding food,d
1633,last_letter,crowing roosters greeting morning,g
1634,last_letter,bleating sheep in field,d
1635,last_letter,mooing cows giving milk,k
1636,last_letter,neighing horses pulling carts,s
1637,last_letter,barking dogs guarding homes,s
1638,last_letter,meowing cats chasing mice,e
1639,last_letter,purring kittens sleeping soundly,y
1640,last_letter,squeaking hamsters running wheels,s
1641,last_letter,chirping crickets at night,t
1642,last_letter,croaking frogs by pond,d
1643,last_letter,howling wolves under moon,n
1644,last_letter,screeching monkeys in jungle,e
1645,last_letter,trumpeting elephants warning herd,d
1646,last_letter,hissing snakes defending territory,y
1647,last_letter,growling bears protecting cubs,s
1648,last_letter,squealing pigs eating food,d
1649,last_letter,gobbling turkeys strutting proudly,y
1650,last_letter,quacking ducks swimming pond,d
1651,last_letter,honking geese flying south,h
1652,last_letter,cooing pigeons on rooftop,p
1653,last_letter,singing canaries in cage,e
1654,last_letter,talking parrots repeating words,s
1655,last_letter,flapping wings taking flight,t
1656,last_letter,nesting birds building homes,s
1657,last_letter,hatching eggs revealing chicks,s
1658,last_letter,feeding babies opening mouths,s
1659,last_letter,hunting predators stalking carefully,y
1660,last_letter,escaping prey running frantically,y
1661,last_letter,hiding animals staying still,l
1662,last_letter,sleeping creatures resting peacefully,y
1663,last_letter,waking animals greeting day,y
1664,last_letter,stretching muscles after sleep,p
1665,last_letter,yawning mouths showing tired,d
1666,last_letter,blinking eyes adjusting light,t
1667,last_letter,breathing air filling lungs,s
1668,last_letter,beating hearts pumping blood,d
1669,last_letter,thinking minds solving problems,s
1670,last_letter,feeling emotions deeply inside,e
1671,last_letter,remembering moments from past,t
1672,last_letter,forgetting details over time,e
1673,last_letter,learning lessons through experience,e
1674,last_letter,teaching others valuable skills,s
1675,last_letter,sharing knowledge with everyone,e
1676,last_letter,discovering truths about life,e
1677,last_letter,questioning assumptions we hold,d
1678,last_letter,believing strongly in values,s
1679,last_letter,doubting everything we know,w
1680,last_letter,hoping for better tomorrow,w
1681,last_letter,wishing upon shooting stars,s
1682,last_letter,dreaming vividly at night,t
1683,last_letter,imagining possibilities ahead,d
1684,last_letter,creating art from nothing,g
1685,translate_eng_sp,hello,hola
1686,translate_eng_sp,goodbye,adiós
1687,translate_eng_sp,thank you,gracias
1688,translate_eng_sp,please,por favor
1689,translate_eng_sp,yes,sí
1690,translate_eng_sp,water,agua
1691,translate_eng_sp,house,casa
1692,translate_eng_sp,cat,gato
1693,translate_eng_sp,dog,perro
1694,translate_eng_sp,good morning,buenos días
1695,translate_eng_sp,good evening,buenas tardes
1696,translate_eng_sp,good night,buenas noches
1697,translate_eng_sp,how are you,cómo estás
1698,translate_eng_sp,I love you,te quiero
1699,translate_eng_sp,friend,amigo
1700,translate_eng_sp,family,familia
1701,translate_eng_sp,food,comida
1702,translate_eng_sp,book,libro
1703,translate_eng_sp,car,coche
1704,translate_eng_sp,tree,árbol
1705,translate_eng_sp,flower,flor
1706,translate_eng_sp,sun,sol
1707,translate_eng_sp,moon,luna
1708,translate_eng_sp,star,estrella
1709,translate_eng_sp,bread,pan
1710,translate_eng_sp,cheese,queso
1711,translate_eng_sp,wine,vino
1712,translate_eng_sp,tea,té
1713,translate_eng_sp,milk,leche
1714,translate_eng_sp,sugar,azúcar
1715,translate_eng_sp,salt,sal
1716,translate_eng_sp,pepper,pimienta
1717,translate_eng_sp,table,mesa
1718,translate_eng_sp,chair,silla
1719,translate_eng_sp,door,puerta
1720,translate_eng_sp,window,ventana
1721,translate_eng_sp,street,calle
1722,translate_eng_sp,city,ciudad
1723,translate_eng_sp,country,país
1724,translate_eng_sp,world,mundo
1725,translate_eng_sp,time,tiempo
1726,translate_eng_sp,day,día
1727,translate_eng_sp,night,noche
1728,translate_eng_sp,week,semana
1729,translate_eng_sp,month,mes
1730,translate_eng_sp,year,año
1731,translate_eng_sp,today,hoy
1732,translate_eng_sp,tomorrow,mañana
1733,translate_eng_sp,yesterday,ayer
1734,translate_eng_sp,child,niño
1735,translate_eng_sp,school,escuela
1736,translate_eng_sp,student,estudiante
1737,translate_eng_sp,teacher,profesor
1738,translate_eng_sp,apple,manzana
1739,translate_eng_sp,orange,naranja
1740,translate_eng_sp,fish,pez
1741,translate_eng_sp,bird,pájaro
1742,translate_eng_sp,horse,caballo
1743,translate_eng_sp,letter,carta
1744,translate_eng_sp,word,palabra
1745,translate_eng_sp,sentence,frase
1746,translate_eng_sp,page,página
1747,translate_eng_sp,music,música
1748,translate_eng_sp,song,canción
1749,translate_eng_sp,dance,baile
1750,translate_eng_sp,game,juego
1751,translate_eng_sp,sport,deporte
1752,translate_eng_sp,ball,pelota
1753,translate_eng_sp,hand,mano
1754,translate_eng_sp,foot,pie
1755,translate_eng_sp,head,cabeza
1756,translate_eng_sp,eye,ojo
1757,translate_eng_sp,ear,oreja
1758,translate_eng_sp,nose,nariz
1759,translate_eng_sp,mouth,boca
1760,translate_eng_sp,heart,corazón
1761,translate_eng_sp,brain,cerebro
1762,translate_eng_sp,body,cuerpo
1763,translate_eng_sp,red,rojo
1764,translate_eng_sp,blue,azul
1765,translate_eng_sp,green,verde
1766,translate_eng_sp,yellow,amarillo
1767,translate_eng_sp,black,negro
1768,translate_eng_sp,white,blanco
1769,translate_eng_sp,purple,morado
1770,translate_eng_sp,pink,rosa
1771,translate_eng_sp,gray,gris
1772,translate_eng_sp,brown,marrón
1773,translate_eng_sp,big,grande
1774,translate_eng_sp,small,pequeño
1775,translate_eng_sp,hot,caliente
1776,translate_eng_sp,cold,frío
1777,translate_eng_sp,new,nuevo
1778,translate_eng_sp,old,viejo
1779,translate_eng_sp,good,bueno
1780,translate_eng_sp,bad,malo
1781,translate_eng_sp,happy,feliz
1782,translate_eng_sp,sad,triste
1783,translate_eng_sp,fast,rápido
1784,translate_eng_sp,slow,lento
1785,translate_eng_sp,strong,fuerte
1786,translate_eng_sp,weak,débil
1787,translate_eng_sp,beautiful,hermoso
1788,translate_eng_sp,ugly,feo
1789,translate_eng_sp,young,joven
1790,translate_eng_sp,rich,rico
1791,translate_eng_sp,poor,pobre
1792,translate_eng_sp,clean,limpio
1793,translate_eng_sp,dirty,sucio
1794,translate_eng_sp,easy,fácil
1795,translate_eng_sp,difficult,difícil
1796,translate_eng_sp,long,largo
1797,translate_eng_sp,short,corto
1798,translate_eng_sp,high,alto
1799,translate_eng_sp,low,bajo
1800,translate_eng_sp,wide,ancho
1801,translate_eng_sp,narrow,estrecho
1802,translate_eng_sp,heavy,pesado
1803,translate_eng_sp,light,ligero
1804,translate_eng_sp,full,lleno
1805,translate_eng_sp,empty,vacío
1806,translate_eng_sp,right,derecho
1807,translate_eng_sp,left,izquierdo
1808,translate_eng_sp,up,arriba
1809,translate_eng_sp,down,abajo
1810,translate_eng_sp,inside,dentro
1811,translate_eng_sp,outside,fuera
1812,translate_eng_sp,front,frente
1813,translate_eng_sp,back,atrás
1814,translate_eng_sp,near,cerca
1815,translate_eng_sp,far,lejos
1816,translate_eng_sp,first,primero
1817,translate_eng_sp,last,último
1818,translate_eng_sp,open,abierto
1819,translate_eng_sp,closed,cerrado
1820,translate_eng_sp,one,uno
1821,translate_eng_sp,two,dos
1822,translate_eng_sp,three,tres
1823,translate_eng_sp,four,cuatro
1824,translate_eng_sp,five,cinco
1825,translate_eng_sp,six,seis
1826,translate_eng_sp,seven,siete
1827,translate_eng_sp,eight,ocho
1828,translate_eng_sp,nine,nueve
1829,translate_eng_sp,ten,diez
1830,translate_eng_sp,hundred,cien
1831,translate_eng_sp,thousand,mil
1832,translate_eng_sp,brother,hermano
1833,translate_eng_sp,sister,hermana
1834,translate_eng_sp,father,padre
1835,translate_eng_sp,mother,madre
1836,translate_eng_sp,son,hijo
1837,translate_eng_sp,daughter,hija
1838,translate_eng_sp,husband,esposo
1839,translate_eng_sp,wife,esposa
1840,translate_eng_sp,grandfather,abuelo
1841,translate_eng_sp,grandmother,abuela
1842,translate_eng_sp,uncle,tío
1843,translate_eng_sp,aunt,tía
1844,translate_eng_sp,cousin,primo
1845,translate_eng_sp,king,rey
1846,translate_eng_sp,queen,reina
1847,translate_eng_sp,prince,príncipe
1848,translate_eng_sp,princess,princesa
1849,translate_eng_sp,man,hombre
1850,translate_eng_sp,woman,mujer
1851,translate_eng_sp,girl,niña
1852,translate_eng_sp,baby,bebé
1853,translate_eng_sp,doctor,médico
1854,translate_eng_sp,nurse,enfermera
1855,translate_eng_sp,lawyer,abogado
1856,translate_eng_sp,police,policía
1857,translate_eng_sp,soldier,soldado
1858,translate_eng_sp,farmer,granjero
1859,translate_eng_sp,worker,trabajador
1860,translate_eng_sp,artist,artista
1861,translate_eng_sp,musician,músico
1862,translate_eng_sp,singer,cantante
